{"cameraMode":{"drawMode":0,"name":"Shaded","section":"Shading Mode"},"sceneLighting":true,"audioPlay":false,"sceneViewState":{"showFog":true,"showMaterialUpdate":false,"showSkybox":true,"showFlares":true,"showImageEffects":true,"showParticleSystems":true},"in2DMode":false,"pivot":{"x":4.0432329177856449,"y":-10.30361557006836,"z":32.086971282958987},"rotation":{"x":-0.16726471483707429,"y":-0.05409930273890495,"z":0.009195906110107899,"w":-0.984389066696167},"size":27.26388168334961,"orthographic":false}